timestamp,type,ip,country,device,intent,url
2025-12-24 23:19:25, 舵㈡,162.158.138.251,KR,,娴瑙,/autoload_classmap.php
2025-12-24 23:19:25, 舵㈡,162.158.138.251,KR,,娴瑙,/classwithtostring.php
2025-12-24 23:19:25, 舵㈡,162.158.138.251,KR,,娴瑙,/cong.php
2025-12-24 23:19:25, 舵㈡,162.158.138.251,KR,,娴瑙,/file2.php
2025-12-24 23:19:25, 舵㈡,162.158.138.251,KR,,娴瑙,/moon.php
2025-12-24 23:19:25, 舵㈡,162.158.138.251,KR,,娴瑙,/wp-admin/css/colors/blue/index.php
2025-12-24 23:19:25, 舵㈡,162.158.138.251,KR,,娴瑙,/wp-content/index.php
2025-12-24 23:19:25, 舵㈡,162.158.138.251,KR,,娴瑙,/wp-content/plugins/yanierin/akcc.php
2025-12-24 23:19:25, 舵㈡,162.158.138.251,KR,,娴瑙,/wp-content/uploads/index.php
2025-12-24 23:19:25, 舵㈡,162.158.138.251,KR,,娴瑙,/wp-content/wp-conflg.php
2025-12-24 23:19:25, 舵㈡,162.158.138.251,KR,,娴瑙,/wp-cron.php
2025-12-24 23:19:25, 舵㈡,162.158.138.251,KR,,娴瑙,/wp-includes/IXR/
2025-12-24 23:19:25, 舵㈡,162.158.138.251,KR,,娴瑙,/wp-includes/block-supports/
2025-12-24 23:19:25, 舵㈡,162.158.138.251,KR,,娴瑙,/wp-includes/fonts/
2025-12-24 23:19:25, 舵㈡,162.158.138.251,KR,,娴瑙,/wp-includes/fonts/index.php
2025-12-24 23:19:25, 舵㈡,162.158.138.251,KR,,娴瑙,/wp-includes/js/crop/
2025-12-24 23:19:25, 舵㈡,162.158.138.251,KR,,娴瑙,/wp-includes/rest-api/
2025-12-24 23:19:25, 舵㈡,162.158.138.251,KR,,娴瑙,/wp-includes/widgets/
2025-12-24 23:19:25, ㄧ缁,172.64.192.220,GB,,娴瑙,/robots.txt
2025-12-24 23:19:26, ㄧ缁,172.70.80.27,CA,,娴瑙,/tools
2025-12-24 23:26:28, 瀹浜虹被,104.152.52.142,US,,娴瑙,/
2025-12-24 23:26:28, 瀹浜虹被,104.152.52.142,US,,娴瑙,/favicon.ico
2025-12-24 23:28:00, 瀹浜虹被,172.70.93.20,SG,,娴瑙,/tools
2025-12-24 23:28:02, 瀹浜虹被,172.70.93.20,SG,,娴瑙,/
2025-12-24 23:28:11, 瀹浜虹被,172.70.93.20,SG,,娴瑙,/tools/email-sign-off-generator
2025-12-24 23:28:18, 瀹浜虹被,172.70.93.20,SG,, [楂椤甸],/tools/bing-image-creator
2025-12-24 23:28:25, 瀹浜虹被,172.70.93.20,SG,, [楂椤甸],/tools/image-compressor
2025-12-24 23:29:21, 瀹浜虹被,172.70.93.20,SG,, [楂椤甸],/tools/image-compressor
2025-12-24 23:29:38, 瀹浜虹被,172.70.93.20,SG,, [楂椤甸],/api/compress-image
2025-12-24 23:30:27, 瀹浜虹被,172.70.93.20,SG,,娴瑙,/tools
2025-12-24 23:32:15, 瀹浜虹被,108.162.227.110,SG,,娴瑙,/tools
2025-12-24 23:32:17, 瀹浜虹被,172.70.93.56,SG,,娴瑙,/favicon.ico
2025-12-24 23:32:20, 瀹浜虹被,108.162.227.110,SG,,娴瑙,/tools/word-counter
2025-12-24 23:32:25, 瀹浜虹被,108.162.227.110,SG,, [楂椤甸],/tools/background-remover
2025-12-24 23:32:29, 瀹浜虹被,108.162.227.110,SG,,娴瑙,/tools/json-formatter
2025-12-24 23:32:33, 瀹浜虹被,108.162.227.110,SG,,娴瑙,/tools?category=developer-tools
2025-12-24 23:32:35, 瀹浜虹被,108.162.227.110,SG,,娴瑙,/tools/json-formatter
2025-12-24 23:32:40, 瀹浜虹被,108.162.227.110,SG,,娴瑙,/tools/json-formatter
2025-12-24 23:36:17, 瀹浜虹被,204.76.203.219,NL,,娴瑙,/
2025-12-24 23:36:59, 瀹浜虹被,172.70.142.86,SG,,娴瑙,/tools/json-formatter
2025-12-24 23:37:00, 瀹浜虹被,172.70.93.57,SG,,娴瑙,/favicon.ico
2025-12-24 23:37:08, 瀹浜虹被,172.70.142.86,SG,,娴瑙,/tools
2025-12-24 23:37:15, 瀹浜虹被,172.70.142.86,SG,,娴瑙,/
2025-12-24 23:37:22, 瀹浜虹被,172.70.142.86,SG,, [楂椤甸],/tools/image-compressor
2025-12-24 23:37:33, 瀹浜虹被,172.70.142.86,SG,, [楂椤甸],/tools/image-compressor
2025-12-24 23:38:11, 瀹浜虹被,172.70.142.86,SG,,娴瑙,/tools
2025-12-24 23:38:15, 瀹浜虹被,172.70.142.86,SG,, [楂椤甸],/tools/background-remover
2025-12-24 23:41:10, 瀹浜虹被,162.158.170.153,SG,,娴瑙,/
2025-12-24 23:41:14, 瀹浜虹被,162.158.170.225,SG,,娴瑙,/tools/email-sign-off-generator
2025-12-24 23:41:18, 瀹浜虹被,162.158.170.153,SG,, [楂椤甸],/tools/image-compressor
2025-12-24 23:41:34, 瀹浜虹被,43.156.156.96,SG,,娴瑙,/
2025-12-24 23:45:18, 舵㈡,5.181.188.211,PL,,娴瑙,/boaform/admin/formLogin
2025-12-24 23:45:36, 舵㈡,172.70.46.199,NL,,娴瑙,/.git/config
2025-12-24 23:48:23, 瀹浜虹被,108.162.227.110,SG,,娴瑙,/
2025-12-24 23:48:24, 瀹浜虹被,172.70.93.56,SG,,娴瑙,/favicon.ico
2025-12-24 23:48:27, 瀹浜虹被,108.162.227.110,SG,, [楂椤甸],/tools/bing-image-creator
2025-12-24 23:48:32, 瀹浜虹被,108.162.227.110,SG,,娴瑙,/tools/email-sign-off-generator
2025-12-24 23:48:40, 瀹浜虹被,108.162.227.110,SG,, [楂椤甸],/tools/image-compressor
2025-12-24 23:49:01, 瀹浜虹被,108.162.227.110,SG,, [楂椤甸],/api/compress-image
2025-12-24 23:49:58, 瀹浜虹被,108.162.227.110,SG,,娴瑙,/tools/wish-wall
2025-12-24 23:51:03, 瀹浜虹被,108.162.227.110,SG,,娴瑙,/blog
2025-12-24 23:51:05, 瀹浜虹被,108.162.227.110,SG,, [瀹瑰娴],/blog/word-counter-online-free-guide
2025-12-24 23:51:15, 瀹浜虹被,108.162.227.110,SG,,娴瑙,/tools
2025-12-24 23:51:25, 瀹浜虹被,108.162.227.110,SG,, [楂椤甸],/tools?category=image-tools
2025-12-24 23:51:30, 瀹浜虹被,108.162.227.110,SG,, [楂椤甸],/tools/background-remover
2025-12-24 23:51:52, 瀹浜虹被,108.162.227.110,SG,, [楂椤甸],/api/remove-background
2025-12-24 23:53:59, 瀹浜虹被,43.164.195.17,BR,,娴瑙,/tools/email-sign-off-generator
2025-12-24 23:54:48, 瀹浜虹被,108.162.227.109,SG,,娴瑙,/tools/wish-wall
2025-12-24 23:57:45, 瀹浜虹被,43.159.141.150,US,,娴瑙,/
